[
  {
    "workspace_bookings": {
      "180-728506": {
        "2023": {
          "4": [1, 2, 3, 4, 5, 6, 7, 8, 11, 13, 14, 15, 17, 22, 30],
          "5": [31]
        },
        "2024": { "8": [20, 21, 22], "9": [24, 25, 26], "10": [16, 17, 18] },
        "2025": {
          "4": [2, 3, 16, 17, 18, 22],
          "5": [20, 21, 22],
          "6": [24, 25, 26],
          "7": [2, 3, 17, 22]
        }
      },
      "180-728507": {
        "2023": { "4": [13, 14, 15], "5": [15, 21, 22], "7": [17, 18, 19] },
        "2024": { "6": [13, 14, 15], "8": [17, 18, 19], "9": [21, 22, 23] }
      },
      "180-728508": {
        "2023": {
          "4": [10, 11, 12, 13, 14, 15, 16],
          "5": [9, 10, 11, 12],
          "6": [28, 29, 30]
        },
        "2024": { "7": [10, 11, 12], "8": [24, 25, 26], "9": [28, 29, 30] },
        "2025": { "4": [2, 3, 17, 22] }
      },
      "180-712006": {
        "2023": {
          "4": [10, 11, 12, 13, 14, 15, 16],
          "5": [9, 10, 11, 12],
          "6": [28, 29, 30]
        },
        "2024": { "7": [10, 11, 12], "8": [24, 25, 26], "9": [28, 29, 30] },
        "2025": { "4": [2, 3, 17, 22] }
      },
      "180-227321": {
        "2023": {
          "4": [10, 11, 12, 13, 14, 15, 16],
          "5": [9, 10, 11, 12],
          "6": [28, 29, 30]
        },
        "2024": { "7": [10, 11, 12], "8": [24, 25, 26], "9": [28, 29, 30] },
        "2025": { "4": [2, 3, 17, 22] }
      },
      "180-239841": {
        "2023": {
          "4": [10, 11, 12, 13, 14, 15, 16],
          "5": [9, 10, 11, 12],
          "6": [28, 29, 30]
        },
        "2024": { "7": [10, 11, 12], "8": [24, 25, 26], "9": [28, 29, 30] },
        "2025": { "4": [2, 3, 17, 22] }
      },
      "180-472420": {
        "2023": {
          "4": [10, 11, 12, 13, 14, 15, 16],
          "5": [9, 10, 11, 12],
          "6": [28, 29, 30]
        },
        "2024": { "7": [10, 11, 12], "8": [24, 25, 26], "9": [28, 29, 30] },
        "2025": { "4": [2, 3, 17, 22] }
      },
      "180-726294": {
        "2023": {
          "4": [10, 11, 12, 13, 14, 15, 16],
          "5": [9, 10, 11, 12],
          "6": [28, 29, 30]
        },
        "2024": { "7": [10, 11, 12], "8": [24, 25, 26], "9": [28, 29, 30] },
        "2025": { "4": [2, 3, 17, 22] }
      },
      "180-486764": {
        "2023": {
          "4": [10, 11, 12, 13, 14, 15, 16],
          "5": [9, 10, 11, 12],
          "6": [28, 29, 30]
        },
        "2024": { "7": [10, 11, 12], "8": [24, 25, 26], "9": [28, 29, 30] },
        "2025": { "4": [2, 3, 17, 22] }
      },
      "180-666157": {
        "2023": {
          "4": [10, 11, 12, 13, 14, 15, 16],
          "5": [9, 10, 11, 12],
          "6": [28, 29, 30]
        },
        "2024": { "7": [10, 11, 12], "8": [24, 25, 26], "9": [28, 29, 30] },
        "2025": { "4": [2, 3, 17, 22] }
      },
      "180-921910": {
        "2023": {
          "4": [10, 11, 12, 13, 14, 15, 16],
          "5": [9, 10, 11, 12],
          "6": [28, 29, 30]
        },
        "2024": { "7": [10, 11, 12], "8": [24, 25, 26], "9": [28, 29, 30] },
        "2025": { "4": [2, 3, 17, 22] }
      },
      "180-572496": {
        "2023": {
          "4": [10, 11, 12, 13, 14, 15, 16],
          "5": [9, 10, 11, 12],
          "6": [28, 29, 30]
        },
        "2024": { "7": [10, 11, 12], "8": [24, 25, 26], "9": [28, 29, 30] },
        "2025": { "4": [2, 3, 17, 22] }
      }
    }
  }
]
