[{"property_id":"267-558059","address":"260 midland pl","neighborhood":"midnapore","ParkingLot":"yes","PublicTransportation":"no","property_status":true,"user_id":"267b55a7-193a-47d2-bf0e-9dcc95706a90"},{"address":"45 auburn","neighborhood":"auburn bay","ParkingLot":"yes","PublicTransportation":"yes","property_status":true,"user_id":"267b55a7-193a-47d2-bf0e-9dcc95706a90","property_id":"267-558070"},{"property_id":"267-558071","address":"45 auburn","neighborhood":"auburn bay","ParkingLot":"yes","PublicTransportation":"yes","property_status":true,"user_id":"267b55a7-193a-47d2-bf0e-9dcc95706a90"},{"address":"45 auburn","neighborhood":"auburn bay","ParkingLot":"yes","PublicTransportation":"yes","property_status":true,"user_id":"267b55a7-193a-47d2-bf0e-9dcc95706a90","property_id":"267-558072"},{"property_id":"267-558073","address":"100 SE","neighborhood":"downtown","ParkingLot":"yes","PublicTransportation":"yes","property_status":true,"user_id":"18059eac-c6b1-4bda-b462-521d0323c5c5"},{"property_id":"267-558074","address":"45 auburn","neighborhood":"auburn bay","ParkingLot":"yes","PublicTransportation":"yes","property_status":true,"user_id":"18059eac-c6b1-4bda-b462-521d0323c5c5"},{"property_id":"267-558075","address":"45 auburn","neighborhood":"auburn bay","ParkingLot":"yes","PublicTransportation":"yes","property_status":true,"user_id":"18059eac-c6b1-4bda-b462-521d0323c5c5"},{"property_id":"267-558076","address":"auburn","neighborhood":"auburnbay","ParkingLot":"yes","PublicTransportation":"yes","property_status":"true","user_id":"267b55a7-193a-47d2-bf0e-9dcc95706a90"},{"property_id":"267-558077","address":"737 Carnarvon St","neighborhood":"New West","ParkingLot":"yes","PublicTransportation":"yes","property_status":true,"user_id":"18059eac-c6b1-4bda-b462-521d0323c5c5"},{"property_id":"267-558078","address":"737 Carnarvon St","neighborhood":"New West","ParkingLot":"yes","PublicTransportation":"yes","property_status":false,"user_id":"18059eac-c6b1-4bda-b462-521d0323c5c5"},{"address":"260 Midland Pl","neighborhood":"Midnapore","ParkingLot":"no","PublicTransportation":"yes","property_status":false,"user_id":"267b55a7-193a-47d2-bf0e-9dcc95706a90","property_id":"267-558079"},{"address":"260 Midland Pl HUGO","neighborhood":"Midnapore","ParkingLot":"no","PublicTransportation":"yes","property_status":"true","user_id":"267b55a7-193a-47d2-bf0e-9dcc95706a90","property_id":"267-558080"},{"property_id":"267-820204","address":"auburn","neighborhood":"auburnbay","ParkingLot":"yes","PublicTransportation":"yes","property_status":"true","user_id":"267b55a7-193a-47d2-bf0e-9dcc95706a90"}]