[{"fullName":"Leandro Rafael Evaristo","phoneNumber":"4038992210","emailAddress":"evaristocordas@gmail.com","password":"bvc2023","user_id":"267b55a7-193a-47d2-bf0e-9dcc95706a90"},{"fullName":"Arthur de Sousa Evaristo","phoneNumber":"4034663280","emailAddress":"arthurpopular@gmail.com","password":"chloe","owner":"true","user_id":"f44c3578-3c5c-40ac-93e6-f868780bd0fb"},{"fullName":"Talita Figueiras de Sousa Evaristo","phoneNumber":"4034663275","emailAddress":"evaristotalita@gmail.com","password":"lll","owner":"true","user_id":"18059eac-c6b1-4bda-b462-521d0323c5c5"},{"fullName":"Arthur de Sousa Evaristo","phoneNumber":"403489-2221","emailAddress":"evaristoarthur@gmail.com","password":"aaa","owner":"false","user_id":"773244b3-b55a-4813-aae3-a21ac0fe72e0"},{"fullName":"Arthur de Sousa Evaristo","phoneNumber":"403489-2221","emailAddress":"evaristoarthur@gmail.com","password":"aaa","owner":"false","user_id":"e4c88048-6477-47a7-94ef-725cd1bc202f"},{"fullName":"Arthur de Sousa Evaristo","phoneNumber":"403489-2221","emailAddress":"evaristoarthur@gmail.com","password":"aaa","owner":"false","user_id":"abc55ba5-1324-48ed-9644-da465e3f8444"},{"fullName":"Arthur de Sousa Evaristo","phoneNumber":"403489-2221","emailAddress":"evaristoarthur@gmail.com","password":"aaa","owner":"false","user_id":"5c78ebdd-9f5b-4202-b8ec-7b503ee83d02"},{"fullName":"Talita Figueiras de Sousa Evaristo","phoneNumber":"4034663270","emailAddress":"evaristo@gmail.com","password":"uuu","owner":"true","user_id":"4c0838e4-0589-4d75-9966-ca68f4d28c28"},{"fullName":"Arthur de Sousa Evaristo","phoneNumber":"403489-2221","emailAddress":"evaristoarthur@gmail.com","password":"aaa","owner":"false","user_id":"e7a5810c-56cc-474a-a82f-bf75bd5a349f"},{"fullName":"Talita Figueiras de Sousa Evaristo","phoneNumber":"4034663270","emailAddress":"evaristo@gmail.com","password":"uuu","owner":"true","user_id":"30fe8d38-fca7-41e5-8d7b-cc94eaa9844f"},{"fullName":"Arthur de Sousa Evaristo","phoneNumber":"403489-2221","emailAddress":"evaristoarthur@gmail.com","password":"aaa","owner":"false","user_id":"1c076945-c777-41c5-83f2-454b7e82ae1d"},{"fullName":"Arthur de Sousa Evaristo","phoneNumber":"403489-2221","emailAddress":"evaristoarthur@gmail.com","password":"aaa","owner":"false","user_id":"d1878a96-0aad-4972-b171-4d0c5d063830"},{"fullName":"Louyse","phoneNumber":"403489-2223","emailAddress":"louyse@gmail.com","password":"123456","owner":"false","user_id":"28b02a92-8065-4508-ad52-7b6689687782"},{"fullName":"Louyse","phoneNumber":"403489-2223","emailAddress":"louyse@gmail.com","password":"123456","owner":"false","user_id":"4a432427-7f92-4d01-9ea6-bec7f68a1e47"},{"fullName":"Louyse","phoneNumber":"403489-2223","emailAddress":"louyse@gmail.com","password":"123456","owner":"false","user_id":"18886a6c-6bde-4a6e-8506-d2687fac77d0"},{"fullName":"Louyse","phoneNumber":"403489-2223","emailAddress":"louyse@gmail.com","password":"123456","owner":"false","user_id":"d3687f82-8176-4ad2-8bb7-5596ef47f839"},{"fullName":"Louyse","phoneNumber":"403489-2223","emailAddress":"louyse@gmail.com","password":"123456","owner":"false","user_id":"251ec318-a597-49a5-99c8-c1089caca8c4"},{"fullName":"Louyse","phoneNumber":"403489-2223","emailAddress":"louyse@gmail.com","password":"123456","owner":"false","user_id":"7dcce3d0-a370-46a3-ba3f-a15781afc743"},{"fullName":"Louyse","phoneNumber":"403489-2223","emailAddress":"louyse@gmail.com","password":"123456","owner":"false","user_id":"a26acae7-7a1e-422b-9b51-ab2abe345a4e"},{"fullName":"Louyse","phoneNumber":"403489-2223","emailAddress":"louyse@gmail.com","password":"123456","owner":"false","user_id":"a23e3882-cc44-443a-8236-ba30de2dfd3c"},{"fullName":"Louyse","phoneNumber":"403489-2223","emailAddress":"louyse@gmail.com","password":"123456","owner":"false","user_id":"34929eeb-8db9-41c6-bfd0-e9166ade4493"},{"fullName":"Louyse","phoneNumber":"403489-2223","emailAddress":"louyse@gmail.com","password":"123456","owner":"false","user_id":"837a2434-028f-4ea1-89b8-bf8a855ea75c"},{"fullName":"Louyse","phoneNumber":"403489-2223","emailAddress":"louyse@gmail.com","password":"123456","owner":"false","user_id":"213d23a0-d249-443c-b0a9-1c63af89c4ed"},{"fullName":"Louyse","phoneNumber":"403489-2223","emailAddress":"louyse@gmail.com","password":"123456","owner":"false","user_id":"6ccb56ac-f9e6-4d85-b53a-4d33cc205cb6"},{"fullName":"Louyse","phoneNumber":"403489-2223","emailAddress":"louyse@gmail.com","password":"123456","owner":"false","user_id":"52212140-25ff-4680-9d51-bae4c4aca44b"},{"fullName":"Louyse","phoneNumber":"403489-2223","emailAddress":"louyse@gmail.com","password":"123456","owner":"false","user_id":"02120256-a04e-499a-9ddc-cf0bea9feee1"},{"fullName":"Louyse","phoneNumber":"403489-2223","emailAddress":"louyse@gmail.com","password":"123456","owner":"false","user_id":"2e7fb9a6-5dde-4d83-8090-65f9d0cee78f"},{"fullName":"Louyse","phoneNumber":"403489-2223","emailAddress":"ljouyse@gmail.com","password":"123456","owner":"false","user_id":"2485e115-e95a-47dc-9b60-76a6b9bbb869"},{"fullName":"Louyse","phoneNumber":"403489-2223","emailAddress":"ldouyse@gmail.com","password":"123456","owner":"false","user_id":"98908fb0-bff1-4702-8a0e-f0edfe817fcf"},{"fullName":"Louyse","phoneNumber":"403489-2223","emailAddress":"ldrouyse@gmail.com","password":"123456","owner":"false","user_id":"d52d2205-f486-4f87-974e-50d3d79d46c7"},{"fullName":"Louyse","phoneNumber":"403489-2223","emailAddress":"ldrrouyse@gmail.com","password":"123456","owner":"false","user_id":"1499e7ad-45b6-402b-8d1b-f164f53ba979"}]