[
  {
    "workspace_id": null,
    "workspace_type": null,
    "seats": null,
    "smoking": null,
    "price": null,
    "sqft": null,
    "lease_term": null,
    "property_id": null,
    "user_id": null,
    "workspace_status": null
  },
  {
    "workspace_id": "180-728506",
    "workspace_type": "desk",
    "seats": 4,
    "smoking": "no",
    "price": 100,
    "sqft": 200,
    "lease_term": "monthly",
    "property_id": "267-558073",
    "user_id": "18059eac-c6b1-4bda-b462-521d0323c5c5",
    "workspace_status": false
  },
  {
    "workspace_id": "180-728507",
    "workspace_type": "desk",
    "seats": 4,
    "smoking": "no",
    "price": 20,
    "sqft": 100,
    "lease_term": "dayly",
    "property_id": "267-558073",
    "user_id": "18059eac-c6b1-4bda-b462-521d0323c5c5",
    "workspace_status": false
  },
  {
    "workspace_type": "desk",
    "seats": "4",
    "smoking": "no",
    "price": "20",
    "sqft": "100",
    "lease_term": "dayly",
    "property_id": "267-558074",
    "user_id": "18059eac-c6b1-4bda-b462-521d0323c5c5",
    "workspace_status": null,
    "workspace_id": "180-728509"
  },
  {
    "workspace_type": "desk",
    "seats": "4",
    "smoking": "no",
    "price": "20",
    "sqft": "100",
    "lease_term": "weekly",
    "property_id": "267-558075",
    "user_id": "18059eac-c6b1-4bda-b462-521d0323c5c5",
    "workspace_status": true,
    "workspace_id": "180-728508"
  },
  {
    "workspace_type": "desk",
    "seats": "4",
    "smoking": "yes",
    "price": "50",
    "sqft": "30",
    "lease_term": "daily",
    "property_id": "267-558076",
    "user_id": "18059eac-c6b1-4bda-b462-521d0323c5c5",
    "workspace_id": "180-731085",
    "workspace_status": false
  },
  {
    "workspace_type": "desk",
    "seats": "987",
    "smoking": "yes",
    "price": "987",
    "sqft": "987",
    "lease_term": "dayly",
    "property_id": "267-558076",
    "user_id": "18059eac-c6b1-4bda-b462-521d0323c5c5",
    "workspace_status": true,
    "workspace_id": "180-712006"
  },
  {
    "workspace_type": "desk",
    "seats": "4",
    "smoking": "no",
    "price": "20",
    "sqft": "100",
    "lease_term": "weekly",
    "property_id": "267-558076",
    "user_id": "18059eac-c6b1-4bda-b462-521d0323c5c5",
    "workspace_status": true,
    "workspace_id": "180-227321"
  },
  {
    "workspace_type": "desk",
    "seats": "4",
    "smoking": "no",
    "price": "20",
    "sqft": "100",
    "lease_term": "monthly",
    "property_id": "267-558076",
    "user_id": "18059eac-c6b1-4bda-b462-521d0323c5c5",
    "workspace_status": true,
    "workspace_id": "180-239841"
  },
  {
    "workspace_type": "office",
    "seats": "10",
    "smoking": "no",
    "price": "100",
    "sqft": "200",
    "lease_term": "weekly",
    "property_id": "267-558076",
    "user_id": "18059eac-c6b1-4bda-b462-521d0323c5c5",
    "workspace_status": true,
    "workspace_id": "180-472420"
  },
  {
    "workspace_type": "desk",
    "seats": "4",
    "smoking": "no",
    "price": "5",
    "sqft": "100",
    "lease_term": "monthly",
    "property_id": "267-558076",
    "user_id": "18059eac-c6b1-4bda-b462-521d0323c5c5",
    "workspace_status": true,
    "workspace_id": "180-726294"
  },
  {
    "workspace_type": "office",
    "seats": "10",
    "smoking": "no",
    "price": "100",
    "sqft": "200",
    "lease_term": "dayly",
    "property_id": "267-558076",
    "user_id": "18059eac-c6b1-4bda-b462-521d0323c5c5",
    "workspace_status": true,
    "workspace_id": "180-486764"
  },
  {
    "workspace_type": "office",
    "seats": "10",
    "smoking": "no",
    "price": "100",
    "sqft": "200",
    "lease_term": "dayly",
    "property_id": "267-558076",
    "user_id": "18059eac-c6b1-4bda-b462-521d0323c5c5",
    "workspace_status": true,
    "workspace_id": "180-666157"
  },
  {
    "workspace_type": "office",
    "seats": "10",
    "smoking": "no",
    "price": "100",
    "sqft": "200",
    "lease_term": "weekly",
    "property_id": "267-558076",
    "user_id": "18059eac-c6b1-4bda-b462-521d0323c5c5",
    "workspace_status": true,
    "workspace_id": "180-921910"
  },
  {
    "workspace_type": "office",
    "seats": "10",
    "smoking": "yes",
    "price": "100",
    "sqft": "200",
    "lease_term": "monthly",
    "property_id": "267-558076",
    "user_id": "18059eac-c6b1-4bda-b462-521d0323c5c5",
    "workspace_status": true,
    "workspace_id": "180-572496"
  }
]