[
    {
        "property_id": 726506,
        "address": "45 auburn",
        "neighborhood": "auburn bay",
        "ParkingLot": "yes",
        "PublicTransportation": "yes",
        "status": "true",
        "user_id": "18059eac-c6b1-4bda-b462-521d0323c5c5"
    },
    {
        "property_id": 145333,
        "address": "260 midland pl",
        "neighborhood": "midnapore",
        "ParkingLot": "yes",
        "PublicTransportation": "no",
        "status": "true",
        "user_id": "267b55a7-193a-47d2-bf0e-9dcc95706a90"
    },
    {
        "property_id": 316899,
        "address": "737 Carnarvon St",
        "neighborhood": "New West",
        "ParkingLot": "yes",
        "PublicTransportation": "yes",
        "status": "true",
        "user_id": "18059eac-c6b1-4bda-b462-521d0323c5c5"
    },
    {
        "property_id": 726507,
        "address": "45 auburn",
        "neighborhood": "auburn bay",
        "ParkingLot": "yes",
        "PublicTransportation": "yes",
        "status": "true",
        "user_id": "267b55a7-193a-47d2-bf0e-9dcc95706a90"
    }
]