[{"fullName":"Leandro Rafael Evaristo","phoneNumber":"4038992210","emailAddress":"evaristocordas@gmail.com","password":"bvc2023","user_id":"267b55a7-193a-47d2-bf0e-9dcc95706a90"},{"fullName":"Arthur de Sousa Evaristo","phoneNumber":"4034663280","emailAddress":"arthurpopular@gmail.com","password":"chloe","owner":"true","user_id":"f44c3578-3c5c-40ac-93e6-f868780bd0fb"},{"fullName":"Talita Figueiras de Sousa Evaristo","phoneNumber":"4034663270","emailAddress":"evaristotalita@gmail.com","password":"lll","owner":"true","user_id":"18059eac-c6b1-4bda-b462-521d0323c5c5"},{"fullName":"Talita Figueiras de Sousa Evaristo","phoneNumber":"4034663270","emailAddress":"evaristotalita@gmail.com","password":"lll","owner":"true","user_id":"d829cfe3-c1ae-455b-b27f-4e7ed620f9f7"},{"fullName":"Arthur de Sousa Evaristo","phoneNumber":"403489-2221","emailAddress":"evaristoarthur@gmail.com","password":"aaa","owner":"false","user_id":"773244b3-b55a-4813-aae3-a21ac0fe72e0"},{"fullName":"Arthur de Sousa Evaristo","phoneNumber":"403489-2221","emailAddress":"evaristoarthur@gmail.com","password":"aaa","owner":"false","user_id":"e4c88048-6477-47a7-94ef-725cd1bc202f"},{"fullName":"Arthur de Sousa Evaristo","phoneNumber":"403489-2221","emailAddress":"evaristoarthur@gmail.com","password":"aaa","owner":"false","user_id":"abc55ba5-1324-48ed-9644-da465e3f8444"},{"fullName":"Arthur de Sousa Evaristo","phoneNumber":"403489-2221","emailAddress":"evaristoarthur@gmail.com","password":"aaa","owner":"false","user_id":"5c78ebdd-9f5b-4202-b8ec-7b503ee83d02"}]