[
    {
        "workspace_bookings": {
            "552490": {
                "2023": {
                    "04": [
                        13,
                        14,
                        15
                    ],
                    "05": [
                        17,
                        18,
                        19
                    ],
                    "06": [
                        21,
                        22,
                        23
                    ]
                },
                "2024": {
                    "07": [
                        13,
                        14,
                        15
                    ],
                    "08": [
                        17,
                        18,
                        19
                    ],
                    "09": [
                        21,
                        22,
                        23
                    ]
                }
            },
            "863189": {
                "2023": {
                    "04": [
                        10,
                        11,
                        12
                    ],
                    "05": [
                        24,
                        25,
                        26
                    ],
                    "06": [
                        28,
                        29,
                        30
                    ]
                },
                "2024": {
                    "07": [
                        10,
                        11,
                        12
                    ],
                    "08": [
                        24,
                        25,
                        26
                    ],
                    "09": [
                        28,
                        29,
                        30
                    ]
                }
            },
            "552491": {
                "2023": {
                    "04": [
                        16,
                        17,
                        18
                    ],
                    "05": [
                        20,
                        21,
                        22
                    ],
                    "06": [
                        24,
                        25,
                        26
                    ]
                },
                "2024": {
                    "07": [
                        16,
                        17,
                        18
                    ],
                    "08": [
                        20,
                        21,
                        22
                    ],
                    "09": [
                        24,
                        25,
                        26
                    ]
                }
            }
        }
    }
]